===========================================================================================================================================================
QUERY RESULTS BY RESTAURANT ID (PRIMARY KEY) ||  SELECT * FROM restaurants WHERE id=9998775;
===========================================================================================================================================================

opentable=# SELECT * FROM restaurants WHERE id=9998775;
   id    |           name           | booked | 6:00 PM | 6:15 PM | 6:30 PM | 6:45 PM | 7:00 PM | 7:15 PM | 7:30 PM | 7:45 PM | 8:00 PM | 8:15 PM | 8:30 PM 
---------+--------------------------+--------+---------+---------+---------+---------+---------+---------+---------+---------+---------+---------+---------
 9998775 | The Ramen Shamen 9998775 |      8 |       2 |       3 |       6 |       9 |       4 |       9 |       7 |       6 |       2 |       5 |       3
(1 row)

Time: 0.611 ms
opentable=# SELECT * FROM restaurants WHERE id=9998775;
   id    |           name           | booked | 6:00 PM | 6:15 PM | 6:30 PM | 6:45 PM | 7:00 PM | 7:15 PM | 7:30 PM | 7:45 PM | 8:00 PM | 8:15 PM | 8:30 PM 
---------+--------------------------+--------+---------+---------+---------+---------+---------+---------+---------+---------+---------+---------+---------
 9998775 | The Ramen Shamen 9998775 |      8 |       2 |       3 |       6 |       9 |       4 |       9 |       7 |       6 |       2 |       5 |       3
(1 row)

Time: 0.659 ms
opentable=# SELECT * FROM restaurants WHERE id=9998775;
   id    |           name           | booked | 6:00 PM | 6:15 PM | 6:30 PM | 6:45 PM | 7:00 PM | 7:15 PM | 7:30 PM | 7:45 PM | 8:00 PM | 8:15 PM | 8:30 PM 
---------+--------------------------+--------+---------+---------+---------+---------+---------+---------+---------+---------+---------+---------+---------
 9998775 | The Ramen Shamen 9998775 |      8 |       2 |       3 |       6 |       9 |       4 |       9 |       7 |       6 |       2 |       5 |       3
(1 row)

Time: 0.533 ms
opentable=# SELECT * FROM restaurants WHERE id=9998775;
   id    |           name           | booked | 6:00 PM | 6:15 PM | 6:30 PM | 6:45 PM | 7:00 PM | 7:15 PM | 7:30 PM | 7:45 PM | 8:00 PM | 8:15 PM | 8:30 PM 
---------+--------------------------+--------+---------+---------+---------+---------+---------+---------+---------+---------+---------+---------+---------
 9998775 | The Ramen Shamen 9998775 |      8 |       2 |       3 |       6 |       9 |       4 |       9 |       7 |       6 |       2 |       5 |       3
(1 row)

Time: 0.535 ms
opentable=# SELECT * FROM restaurants WHERE id=9998775;
   id    |           name           | booked | 6:00 PM | 6:15 PM | 6:30 PM | 6:45 PM | 7:00 PM | 7:15 PM | 7:30 PM | 7:45 PM | 8:00 PM | 8:15 PM | 8:30 PM 
---------+--------------------------+--------+---------+---------+---------+---------+---------+---------+---------+---------+---------+---------+---------
 9998775 | The Ramen Shamen 9998775 |      8 |       2 |       3 |       6 |       9 |       4 |       9 |       7 |       6 |       2 |       5 |       3
(1 row)

Time: 0.524 ms
opentable=# SELECT * FROM restaurants WHERE id=9998775;
   id    |           name           | booked | 6:00 PM | 6:15 PM | 6:30 PM | 6:45 PM | 7:00 PM | 7:15 PM | 7:30 PM | 7:45 PM | 8:00 PM | 8:15 PM | 8:30 PM 
---------+--------------------------+--------+---------+---------+---------+---------+---------+---------+---------+---------+---------+---------+---------
 9998775 | The Ramen Shamen 9998775 |      8 |       2 |       3 |       6 |       9 |       4 |       9 |       7 |       6 |       2 |       5 |       3
(1 row)

Time: 0.531 ms
opentable=# SELECT * FROM restaurants WHERE id=9998775;
   id    |           name           | booked | 6:00 PM | 6:15 PM | 6:30 PM | 6:45 PM | 7:00 PM | 7:15 PM | 7:30 PM | 7:45 PM | 8:00 PM | 8:15 PM | 8:30 PM 
---------+--------------------------+--------+---------+---------+---------+---------+---------+---------+---------+---------+---------+---------+---------
 9998775 | The Ramen Shamen 9998775 |      8 |       2 |       3 |       6 |       9 |       4 |       9 |       7 |       6 |       2 |       5 |       3
(1 row)

Time: 0.535 ms
opentable=# SELECT * FROM restaurants WHERE id=9998775;
   id    |           name           | booked | 6:00 PM | 6:15 PM | 6:30 PM | 6:45 PM | 7:00 PM | 7:15 PM | 7:30 PM | 7:45 PM | 8:00 PM | 8:15 PM | 8:30 PM 
---------+--------------------------+--------+---------+---------+---------+---------+---------+---------+---------+---------+---------+---------+---------
 9998775 | The Ramen Shamen 9998775 |      8 |       2 |       3 |       6 |       9 |       4 |       9 |       7 |       6 |       2 |       5 |       3
(1 row)

Time: 0.511 ms
opentable=# SELECT * FROM restaurants WHERE id=9998775;
   id    |           name           | booked | 6:00 PM | 6:15 PM | 6:30 PM | 6:45 PM | 7:00 PM | 7:15 PM | 7:30 PM | 7:45 PM | 8:00 PM | 8:15 PM | 8:30 PM 
---------+--------------------------+--------+---------+---------+---------+---------+---------+---------+---------+---------+---------+---------+---------
 9998775 | The Ramen Shamen 9998775 |      8 |       2 |       3 |       6 |       9 |       4 |       9 |       7 |       6 |       2 |       5 |       3
(1 row)

Time: 0.532 ms
opentable=# SELECT * FROM restaurants WHERE id=9998775;
   id    |           name           | booked | 6:00 PM | 6:15 PM | 6:30 PM | 6:45 PM | 7:00 PM | 7:15 PM | 7:30 PM | 7:45 PM | 8:00 PM | 8:15 PM | 8:30 PM 
---------+--------------------------+--------+---------+---------+---------+---------+---------+---------+---------+---------+---------+---------+---------
 9998775 | The Ramen Shamen 9998775 |      8 |       2 |       3 |       6 |       9 |       4 |       9 |       7 |       6 |       2 |       5 |       3
(1 row)

Time: 0.503 ms


===========================================================================================================================================================
QUERY RESULTS BY RESTAURANT NAME || SELECT * FROM restaurants WHERE name='Seafood Seranade 9998243';
===========================================================================================================================================================


opentable=# SELECT * FROM restaurants WHERE name='Seafood Seranade 9998243';
   id    |           name           | booked | 6:00 PM | 6:15 PM | 6:30 PM | 6:45 PM | 7:00 PM | 7:15 PM | 7:30 PM | 7:45 PM | 8:00 PM | 8:15 PM | 8:30 PM 
---------+--------------------------+--------+---------+---------+---------+---------+---------+---------+---------+---------+---------+---------+---------
 9998243 | Seafood Seranade 9998243 |     13 |       7 |       3 |       6 |       4 |       3 |       4 |       2 |       2 |       9 |       4 |       3
(1 row)

Time: 1714.324 ms (00:01.714)
opentable=# SELECT * FROM restaurants WHERE name='Seafood Seranade 9998243';
   id    |           name           | booked | 6:00 PM | 6:15 PM | 6:30 PM | 6:45 PM | 7:00 PM | 7:15 PM | 7:30 PM | 7:45 PM | 8:00 PM | 8:15 PM | 8:30 PM 
---------+--------------------------+--------+---------+---------+---------+---------+---------+---------+---------+---------+---------+---------+---------
 9998243 | Seafood Seranade 9998243 |     13 |       7 |       3 |       6 |       4 |       3 |       4 |       2 |       2 |       9 |       4 |       3
(1 row)

Time: 452.167 ms
opentable=# SELECT * FROM restaurants WHERE name='Seafood Seranade 9998243';
   id    |           name           | booked | 6:00 PM | 6:15 PM | 6:30 PM | 6:45 PM | 7:00 PM | 7:15 PM | 7:30 PM | 7:45 PM | 8:00 PM | 8:15 PM | 8:30 PM 
---------+--------------------------+--------+---------+---------+---------+---------+---------+---------+---------+---------+---------+---------+---------
 9998243 | Seafood Seranade 9998243 |     13 |       7 |       3 |       6 |       4 |       3 |       4 |       2 |       2 |       9 |       4 |       3
(1 row)

Time: 449.233 ms
opentable=# SELECT * FROM restaurants WHERE name='Seafood Seranade 9998243';
   id    |           name           | booked | 6:00 PM | 6:15 PM | 6:30 PM | 6:45 PM | 7:00 PM | 7:15 PM | 7:30 PM | 7:45 PM | 8:00 PM | 8:15 PM | 8:30 PM 
---------+--------------------------+--------+---------+---------+---------+---------+---------+---------+---------+---------+---------+---------+---------
 9998243 | Seafood Seranade 9998243 |     13 |       7 |       3 |       6 |       4 |       3 |       4 |       2 |       2 |       9 |       4 |       3
(1 row)

Time: 447.652 ms
opentable=# SELECT * FROM restaurants WHERE name='Seafood Seranade 9998243';
   id    |           name           | booked | 6:00 PM | 6:15 PM | 6:30 PM | 6:45 PM | 7:00 PM | 7:15 PM | 7:30 PM | 7:45 PM | 8:00 PM | 8:15 PM | 8:30 PM 
---------+--------------------------+--------+---------+---------+---------+---------+---------+---------+---------+---------+---------+---------+---------
 9998243 | Seafood Seranade 9998243 |     13 |       7 |       3 |       6 |       4 |       3 |       4 |       2 |       2 |       9 |       4 |       3
(1 row)

Time: 447.530 ms
opentable=# SELECT * FROM restaurants WHERE name='Seafood Seranade 9998243';
   id    |           name           | booked | 6:00 PM | 6:15 PM | 6:30 PM | 6:45 PM | 7:00 PM | 7:15 PM | 7:30 PM | 7:45 PM | 8:00 PM | 8:15 PM | 8:30 PM 
---------+--------------------------+--------+---------+---------+---------+---------+---------+---------+---------+---------+---------+---------+---------
 9998243 | Seafood Seranade 9998243 |     13 |       7 |       3 |       6 |       4 |       3 |       4 |       2 |       2 |       9 |       4 |       3
(1 row)

Time: 447.052 ms
opentable=# SELECT * FROM restaurants WHERE name='Seafood Seranade 9998243';
   id    |           name           | booked | 6:00 PM | 6:15 PM | 6:30 PM | 6:45 PM | 7:00 PM | 7:15 PM | 7:30 PM | 7:45 PM | 8:00 PM | 8:15 PM | 8:30 PM 
---------+--------------------------+--------+---------+---------+---------+---------+---------+---------+---------+---------+---------+---------+---------
 9998243 | Seafood Seranade 9998243 |     13 |       7 |       3 |       6 |       4 |       3 |       4 |       2 |       2 |       9 |       4 |       3
(1 row)

Time: 446.279 ms
opentable=# SELECT * FROM restaurants WHERE name='Seafood Seranade 9998243';
   id    |           name           | booked | 6:00 PM | 6:15 PM | 6:30 PM | 6:45 PM | 7:00 PM | 7:15 PM | 7:30 PM | 7:45 PM | 8:00 PM | 8:15 PM | 8:30 PM 
---------+--------------------------+--------+---------+---------+---------+---------+---------+---------+---------+---------+---------+---------+---------
 9998243 | Seafood Seranade 9998243 |     13 |       7 |       3 |       6 |       4 |       3 |       4 |       2 |       2 |       9 |       4 |       3
(1 row)

Time: 447.114 ms
opentable=# SELECT * FROM restaurants WHERE name='Seafood Seranade 9998243';
   id    |           name           | booked | 6:00 PM | 6:15 PM | 6:30 PM | 6:45 PM | 7:00 PM | 7:15 PM | 7:30 PM | 7:45 PM | 8:00 PM | 8:15 PM | 8:30 PM 
---------+--------------------------+--------+---------+---------+---------+---------+---------+---------+---------+---------+---------+---------+---------
 9998243 | Seafood Seranade 9998243 |     13 |       7 |       3 |       6 |       4 |       3 |       4 |       2 |       2 |       9 |       4 |       3
(1 row)

Time: 447.184 ms
opentable=# SELECT * FROM restaurants WHERE name='Seafood Seranade 9998243';
   id    |           name           | booked | 6:00 PM | 6:15 PM | 6:30 PM | 6:45 PM | 7:00 PM | 7:15 PM | 7:30 PM | 7:45 PM | 8:00 PM | 8:15 PM | 8:30 PM 
---------+--------------------------+--------+---------+---------+---------+---------+---------+---------+---------+---------+---------+---------+---------
 9998243 | Seafood Seranade 9998243 |     13 |       7 |       3 |       6 |       4 |       3 |       4 |       2 |       2 |       9 |       4 |       3
(1 row)

Time: 444.925 ms
opentable=# CREATE INDEX name_idx ON restaurants (name);
CREATE INDEX
Time: 13303.788 ms (00:13.304)
opentable=# SELECT * FROM restaurants WHERE name='Seafood Seranade 9998243';
   id    |           name           | booked | 6:00 PM | 6:15 PM | 6:30 PM | 6:45 PM | 7:00 PM | 7:15 PM | 7:30 PM | 7:45 PM | 8:00 PM | 8:15 PM | 8:30 PM 
---------+--------------------------+--------+---------+---------+---------+---------+---------+---------+---------+---------+---------+---------+---------
 9998243 | Seafood Seranade 9998243 |     13 |       7 |       3 |       6 |       4 |       3 |       4 |       2 |       2 |       9 |       4 |       3
(1 row)



===========================================================================================================================================================
QUERY RESULTS BY RESTAURANT NAME (AFTER OPTIMIZATION) || SELECT * FROM restaurants WHERE name='Seafood Seranade 9998243';
===========================================================================================================================================================



Time: 1.902 ms
opentable=# SELECT * FROM restaurants WHERE name='Seafood Seranade 9998243';
   id    |           name           | booked | 6:00 PM | 6:15 PM | 6:30 PM | 6:45 PM | 7:00 PM | 7:15 PM | 7:30 PM | 7:45 PM | 8:00 PM | 8:15 PM | 8:30 PM 
---------+--------------------------+--------+---------+---------+---------+---------+---------+---------+---------+---------+---------+---------+---------
 9998243 | Seafood Seranade 9998243 |     13 |       7 |       3 |       6 |       4 |       3 |       4 |       2 |       2 |       9 |       4 |       3
(1 row)

Time: 0.554 ms
opentable=# SELECT * FROM restaurants WHERE name='Seafood Seranade 9998243';
   id    |           name           | booked | 6:00 PM | 6:15 PM | 6:30 PM | 6:45 PM | 7:00 PM | 7:15 PM | 7:30 PM | 7:45 PM | 8:00 PM | 8:15 PM | 8:30 PM 
---------+--------------------------+--------+---------+---------+---------+---------+---------+---------+---------+---------+---------+---------+---------
 9998243 | Seafood Seranade 9998243 |     13 |       7 |       3 |       6 |       4 |       3 |       4 |       2 |       2 |       9 |       4 |       3
(1 row)

Time: 0.606 ms
opentable=# SELECT * FROM restaurants WHERE name='Seafood Seranade 9998243';
   id    |           name           | booked | 6:00 PM | 6:15 PM | 6:30 PM | 6:45 PM | 7:00 PM | 7:15 PM | 7:30 PM | 7:45 PM | 8:00 PM | 8:15 PM | 8:30 PM 
---------+--------------------------+--------+---------+---------+---------+---------+---------+---------+---------+---------+---------+---------+---------
 9998243 | Seafood Seranade 9998243 |     13 |       7 |       3 |       6 |       4 |       3 |       4 |       2 |       2 |       9 |       4 |       3
(1 row)

Time: 0.676 ms
opentable=# SELECT * FROM restaurants WHERE name='Seafood Seranade 9998243';
   id    |           name           | booked | 6:00 PM | 6:15 PM | 6:30 PM | 6:45 PM | 7:00 PM | 7:15 PM | 7:30 PM | 7:45 PM | 8:00 PM | 8:15 PM | 8:30 PM 
---------+--------------------------+--------+---------+---------+---------+---------+---------+---------+---------+---------+---------+---------+---------
 9998243 | Seafood Seranade 9998243 |     13 |       7 |       3 |       6 |       4 |       3 |       4 |       2 |       2 |       9 |       4 |       3
(1 row)

Time: 0.566 ms
opentable=# SELECT * FROM restaurants WHERE name='Seafood Seranade 9998243';
   id    |           name           | booked | 6:00 PM | 6:15 PM | 6:30 PM | 6:45 PM | 7:00 PM | 7:15 PM | 7:30 PM | 7:45 PM | 8:00 PM | 8:15 PM | 8:30 PM 
---------+--------------------------+--------+---------+---------+---------+---------+---------+---------+---------+---------+---------+---------+---------
 9998243 | Seafood Seranade 9998243 |     13 |       7 |       3 |       6 |       4 |       3 |       4 |       2 |       2 |       9 |       4 |       3
(1 row)

Time: 0.525 ms
opentable=# SELECT * FROM restaurants WHERE name='Seafood Seranade 9998243';
   id    |           name           | booked | 6:00 PM | 6:15 PM | 6:30 PM | 6:45 PM | 7:00 PM | 7:15 PM | 7:30 PM | 7:45 PM | 8:00 PM | 8:15 PM | 8:30 PM 
---------+--------------------------+--------+---------+---------+---------+---------+---------+---------+---------+---------+---------+---------+---------
 9998243 | Seafood Seranade 9998243 |     13 |       7 |       3 |       6 |       4 |       3 |       4 |       2 |       2 |       9 |       4 |       3
(1 row)

Time: 0.555 ms
opentable=# SELECT * FROM restaurants WHERE name='Seafood Seranade 9998243';
   id    |           name           | booked | 6:00 PM | 6:15 PM | 6:30 PM | 6:45 PM | 7:00 PM | 7:15 PM | 7:30 PM | 7:45 PM | 8:00 PM | 8:15 PM | 8:30 PM 
---------+--------------------------+--------+---------+---------+---------+---------+---------+---------+---------+---------+---------+---------+---------
 9998243 | Seafood Seranade 9998243 |     13 |       7 |       3 |       6 |       4 |       3 |       4 |       2 |       2 |       9 |       4 |       3
(1 row)

Time: 0.551 ms
opentable=# SELECT * FROM restaurants WHERE name='Seafood Seranade 9998243';
   id    |           name           | booked | 6:00 PM | 6:15 PM | 6:30 PM | 6:45 PM | 7:00 PM | 7:15 PM | 7:30 PM | 7:45 PM | 8:00 PM | 8:15 PM | 8:30 PM 
---------+--------------------------+--------+---------+---------+---------+---------+---------+---------+---------+---------+---------+---------+---------
 9998243 | Seafood Seranade 9998243 |     13 |       7 |       3 |       6 |       4 |       3 |       4 |       2 |       2 |       9 |       4 |       3
(1 row)

Time: 0.530 ms
opentable=# SELECT * FROM restaurants WHERE name='Seafood Seranade 9998243';
   id    |           name           | booked | 6:00 PM | 6:15 PM | 6:30 PM | 6:45 PM | 7:00 PM | 7:15 PM | 7:30 PM | 7:45 PM | 8:00 PM | 8:15 PM | 8:30 PM 
---------+--------------------------+--------+---------+---------+---------+---------+---------+---------+---------+---------+---------+---------+---------
 9998243 | Seafood Seranade 9998243 |     13 |       7 |       3 |       6 |       4 |       3 |       4 |       2 |       2 |       9 |       4 |       3
(1 row)

Time: 0.432 ms
opentable=# 